{
  "total_predictions": 7,
  "correct": 6,
  "accuracy": 85.71428571428571,
  "learning_momentum": 0.8162632895306671
}